<?xml version="1.0" encoding="UTF-8"?>
<project-private xmlns="http://www.netbeans.org/ns/project-private/1">
    <editor-bookmarks xmlns="http://www.netbeans.org/ns/editor-bookmarks/2" lastBookmarkId="0"/>
    <open-files xmlns="http://www.netbeans.org/ns/projectui-open-files/2">
        <group>
            <file>file:/C:/Users/nvg/Documents/GitHub/artlanta/backend/src/java/dal/DBContext.java</file>
            <file>file:/C:/Users/nvg/Documents/GitHub/artlanta/backend/src/java/dal/NotificationDAO.java</file>
            <file>file:/C:/Users/nvg/Documents/GitHub/artlanta/backend/src/java/dal/UserDAO.java</file>
            <file>file:/C:/Users/nvg/Documents/GitHub/artlanta/backend/src/java/model/Notification.java</file>
            <file>file:/C:/Users/nvg/Documents/GitHub/artlanta/backend/src/java/controller/LoginServlet.java</file>
            <file>file:/C:/Users/nvg/Documents/GitHub/artlanta/backend/src/java/controller/GoogleOAuthLoginServlet.java</file>
            <file>file:/C:/Users/nvg/Documents/GitHub/artlanta/backend/src/java/dal/TestDBConnection.java</file>
            <file>file:/C:/Users/nvg/Documents/GitHub/artlanta/backend/src/java/controller/FollowServlet.java</file>
            <file>file:/C:/Users/nvg/Documents/GitHub/artlanta/backend/src/java/model/Post.java</file>
            <file>file:/C:/Users/nvg/Documents/GitHub/artlanta/backend/src/java/controller/Post/PostViewerServlet.java</file>
        </group>
    </open-files>
</project-private>
